name,email,birthday
Ben Platt,Ben.Platt@123.com,1993-09-24
Zoey Deutch,evora@mbakingzl.com,1994-11-10
Lucy Boynton,LucyBoynton@hello.lt,1994-01-17
Julia Schlaepfer,Julia.Schlaepfer@hey.com,1995-03-03
Laura Dreyfuss,,1988-08-22
,TheoGermaine@goal.com,1999-10-19
Rahne Jones,legnenokki@vusra.com,1987-05-04
David Corenswet,tisticofyi@vusra.com,1998-12-10
Ryan J. Haddad,dokigey101@syswift.com,01-03
Anna Higgins,anna.def@higgins.com,02-30
Tom Brady,tom@brady.com,2075-10-22
Brad Stevens,stevens@brad.com,1994-06-28
Cool Ole,Cool@ole.com,06-29
Tom Jones,rimige7535@tagbert.com,09-12
Jonas Kudikis,savihydy@decabg.eu,2022-06-19
Aurimas Seven,aurimas.nausedas@gmail.com,1999-05-11
Kai Yuen Leung,kaileung@ehl.com,06-32
Ching Yeung Michael Tam,tam@ehl000))).com,1994-01-01
Nicola Tastet,nicola112444558996@gmail.com,1998-01-16
Patrick Kienzle,patrick@eol.com,1994-06-30
Gonzalez Jones,gonzalez@eol.com,1997-06-29
Chris Colfer,neste@kindle.com,1990-05-27
Lea Michele,loqapemel.povonevu@mentonit.net,1986-08-29
Kevin McHale,jonas@kareivis.lt,07-04
Naya Rivera,Oi@NayaNezino.lt,2000-07-12
Jenna Ushkowitz,evora@mbakingzl.com,04-28
Amber Riley,rimige7535@tagbert.com,1986-02-15
Mark Salling,mark@#.com,1984-08-17
Heather Morris,heather@morris.net,1987-02-01
Harry Shum Jr.,junior@harry.com,04-28
Cory Monteith,jemlupirke@vusra.com,07-01
Dianna Agron,jemlupirke@vusra.com,1996-04-30
Lauren Potter,savihydy@decabg.eu,1990-05-10
Finn Wolfhard,whatever@aob.com,12/23/2002
Millie Bobby Brown,auguste.nausedaite@gmail.com,2004-02-19
,gaten@materazzo.com,2002-09-08
Caleb McLaughlin,caleb@gmail.com,2001-10-13
Natalia Dyer,xtssesamdrvhy@knowledgemd.com,1995-01-13
Charlie Heaton,heaton@goal.com,06-29
Joe Keery,joe@joe.com,19092-04-24
Noah Schnapp,amd@!!!.com,2004-10-03
Blake Lively,blake@lively.com,1987-08-25
Leighton Meester,leigthon@maester.com,1986-04-09
Penn Badgley,penn@zzz45%.com,1986-11-01
Chace Crawford,chace@gmail.com,1985-07-18
Ed Westwick,edwestwick@haha.com,1987-06-27
Taylor Momsen,August@twenty.net,07-26
Jessica Szohr,jessica.szohr@jessica.com,1985-03-31
Thomas Doherty,thosa@doherty.com,04-21
Shusei Kanbara,shusei@kanbara@com,1983-07-03
Oyvind Lokken,aol.@com,1984-07-03
Jonas Askeland,jonasaskeland@yahoo.com,07-03
Fredrik Myhre,frederik@myhre.com,1982-07-04
Kevin Reeder,kevin!forall.com,1977-07-05
Christian Moe,christian@moe.com,1982-07-06
Robert Lindhe,robertas@tiesa.lt,1982-07-07
Jorgen Vestli,robertas.kastoks@gmail.com,07-07
Jimmy Wallin,jimmy.wallin@racefans.com,1977-07-08
Eling Lorsa Tveit,lorsa@eling.com,1984-07-05
Jens Andenaes,jens@and.com,1982-07-09
Morten Goa,morten@goa.com,1984-07-10
Pablo Mariano Gomez,mariano@gomez.com,1997-07-11
Victor Martinez Chincolla,victor@martinez.com,1983-07-12
Ruben Gil Ruiz,ruben@ruiz.com,1984-07-12
Alberto Ejeda Berjillos,alberto@alberto.com,1982-07-30
Mathieu Escale,mathieu@escale.it,1982-07-25
Sebastien Maigret,sebastien@gmail.es,1977-07-13
Yusuke Sue,yusuke@sue.pl,1982-07-14
Youssuke Kubota,kubota@comeon.pl,1982-07-16
Takayoshi Ishii,takayoshi@gmail.com,1982-07-15
Anthony Baulch,anthony@one.com,
Akiyoshi Endo,aki@yoshi.com,1972-07-17
Yu Kaburaki,yu@kaburaki.com,1984-07-19
Motonari Minato,matonari.minato@gmail.com,1983-07-21
Yohei Ishida,yohei.ishida@gmail.com,1976-07-20
Gaku Ohata,gaku.ohata@yahoo.com,1979-07-22
Katsuhiro Sato,katsuhiro.sato@one.com,1968-07-11
Kazuyuki Murazeki,kazuyki@uztenenio.lt,1976-07-23
Jyunji Takeshita,delfi@15min.lt,1977-07-24
Yusuke Sugie,yusuke@netmail.com,1979-07-02